"Ecosystem","Density","Fertilizer","Inoculum","Pot_ID","Andropogon.gerardii","Asclepias.verticillata","Bouteloua.curtipendula","Brickellia.eupatorioides","Lespedeza.capitata","Panicum.virgatum","Dalea.candida","Solidago.canadensis","Sorghastrum.nutans","Geum.rossii","Artemisia.scopulorum","Polygonum.bistortoides","Carex.scopulorum","Deschampsia.cespitosa","Erigeron.simplex","Potentilla.diversifolia","Trifolium.parryi","Trisetum.spicatum","Aristida.purpurea","Astragalus.nuttallianus","Bouteloua.eriopoda","Bouteloua.gracilis","Cryptantha.crassisepala","Gutierrezia.sarothrae","Melampodium.leucanthum","Pleraphis.jamesii","Sporobolus.flexuosus","Richness","Shannon_diversity","Evenness","Productivity"
"tallgrass prairie","high","N","control","1-high",5.1862,5.577,4.3644,6.7537,0.2857,22.1176,0.655,44.9101,4.3173,NA,NA,NA,NA,NA,NA,NA,NA,NA,NA,NA,NA,NA,NA,NA,NA,NA,NA,9,1.5452490135541,0.703273133521686,94.167
"tallgrass prairie","low","N","control","1-low",4.4056,3.7163,9.4475,6.5035,0.0751,7.2569,0.2102,47.1025,6.4136,NA,NA,NA,NA,NA,NA,NA,NA,NA,NA,NA,NA,NA,NA,NA,NA,NA,NA,9,1.48360033808886,0.675215612182661,85.1312
"tallgrass prairie","high","X","control","10-high",3.3816,3.0986,2.8073,1.6728,0.1871,4.4118,0.3106,39.9402,5.0477,NA,NA,NA,NA,NA,NA,NA,NA,NA,NA,NA,NA,NA,NA,NA,NA,NA,NA,9,1.27075366186775,0.578344915205863,60.8577
"tallgrass prairie","low","X","control","10-low",5.9079,2.305,5.5693,2.3418,0.2034,16.62,0.7562,50.3602,2.561,NA,NA,NA,NA,NA,NA,NA,NA,NA,NA,NA,NA,NA,NA,NA,NA,NA,NA,9,1.34547127104767,0.612350364603529,86.6248
"tallgrass prairie","high","N","control","11-high",6.5913,2.3712,4.257,0.332,0.1834,26.9102,0.3141,57.3974,1.1283,NA,NA,NA,NA,NA,NA,NA,NA,NA,NA,NA,NA,NA,NA,NA,NA,NA,NA,9,1.17435946693349,0.534474026481723,99.4849
"tallgrass prairie","low","N","control","11-low",5.6605,1.0848,10.0889,0,0.0545,32.49,0.5283,66.9416,2.9276,NA,NA,NA,NA,NA,NA,NA,NA,NA,NA,NA,NA,NA,NA,NA,NA,NA,NA,8,1.19245906759759,0.573451594428706,119.7762
"tallgrass prairie","high","X","control","12-high",5.2554,1.3931,2.7334,5.1099,0.1487,14.49857,0.64577,34.58,2.48859,NA,NA,NA,NA,NA,NA,NA,NA,NA,NA,NA,NA,NA,NA,NA,NA,NA,NA,9,1.46120581161994,0.665023423955788,66.85343
"tallgrass prairie","low","X","control","12-low",7.6329,2.6581,6.4169,4.6114,0.3181,38.3252,0.3021,39.7711,1.9664,NA,NA,NA,NA,NA,NA,NA,NA,NA,NA,NA,NA,NA,NA,NA,NA,NA,NA,9,1.44943967857668,0.659668426034945,102.0022
"tallgrass prairie","high","N","nitrogen","13-high",7.594,3.5194,9.4975,4.1429,0.6563,20.0418,0.769,40.6913,5.0336,NA,NA,NA,NA,NA,NA,NA,NA,NA,NA,NA,NA,NA,NA,NA,NA,NA,NA,9,1.63218332548583,0.742838643951722,91.9458
"tallgrass prairie","low","N","nitrogen","13-low",5.2182,3.3614,6.9167,2.4031,0.2256,5.6453,1.3036,82.193,3.7023,NA,NA,NA,NA,NA,NA,NA,NA,NA,NA,NA,NA,NA,NA,NA,NA,NA,NA,9,1.05777585165678,0.481414536578307,110.9692
"tallgrass prairie","high","X","nitrogen","14-high",4.8999,1.8514,2.7423,1.9371,0.4119,23.3798,0.8796,20.9208,2.3313,NA,NA,NA,NA,NA,NA,NA,NA,NA,NA,NA,NA,NA,NA,NA,NA,NA,NA,9,1.52641739817348,0.694702496011591,59.3541
"tallgrass prairie","low","X","nitrogen","14-low",6.9781,2.012,4.1146,2.8654,0.2132,0.2232,0.2543,24.8484,5.045,NA,NA,NA,NA,NA,NA,NA,NA,NA,NA,NA,NA,NA,NA,NA,NA,NA,NA,9,1.46090933160057,0.664888490084017,46.5542
"tallgrass prairie","high","N","nitrogen","15-high",4.3496,3.0902,5.2591,0.7365,0.112,11.8338,0.3651,60.2267,3.1113,NA,NA,NA,NA,NA,NA,NA,NA,NA,NA,NA,NA,NA,NA,NA,NA,NA,NA,9,1.15161434531624,0.524122275526514,89.0843
"tallgrass prairie","low","N","nitrogen","15-low",3.5937,3.9932,5.0747,5.9284,0.3678,25.7937,0.4574,58.1106,2.6012,NA,NA,NA,NA,NA,NA,NA,NA,NA,NA,NA,NA,NA,NA,NA,NA,NA,NA,9,1.35286448102318,0.615715159468728,105.9207
"tallgrass prairie","high","X","nitrogen","16-high",1.9896,2.6921,1.6799,3.0353,0.4756,15.8072,0.4924,49.6624,4.0545,NA,NA,NA,NA,NA,NA,NA,NA,NA,NA,NA,NA,NA,NA,NA,NA,NA,NA,9,1.24092149958913,0.564767713045312,79.889
"tallgrass prairie","low","X","nitrogen","16-low",2.2752,3.3279,3.1497,1.7221,0.3582,13.3003,0.387,73.2777,1.4094,NA,NA,NA,NA,NA,NA,NA,NA,NA,NA,NA,NA,NA,NA,NA,NA,NA,NA,9,0.975900393438119,0.44415140969397,99.2075
"tallgrass prairie","high","N","nitrogen","17-high",3.8071,1.9697,3.8338,0.8279,0.1808,15.7732,0.2328,70.136,2.2765,NA,NA,NA,NA,NA,NA,NA,NA,NA,NA,NA,NA,NA,NA,NA,NA,NA,NA,9,1.0184762998965,0.463528539777777,99.0378
"tallgrass prairie","low","N","nitrogen","17-low",3.6234,3.9481,3.6139,0,0.1537,19.3389,0.5513,68.304,7.639,NA,NA,NA,NA,NA,NA,NA,NA,NA,NA,NA,NA,NA,NA,NA,NA,NA,NA,8,1.17126006910786,0.563257031097723,107.1723
"tallgrass prairie","high","X","nitrogen","18-high",6.0457,5.2069,5.6489,0.3889,0.3546,15.126,1.0525,41.7446,6.4795,NA,NA,NA,NA,NA,NA,NA,NA,NA,NA,NA,NA,NA,NA,NA,NA,NA,NA,9,1.5121671460256,0.688216926764426,82.0476
"tallgrass prairie","low","X","nitrogen","18-Low",3.3309,1.4017,3.0583,9.906,0.1283,18.9073,0.4372,49.9666,3.9457,NA,NA,NA,NA,NA,NA,NA,NA,NA,NA,NA,NA,NA,NA,NA,NA,NA,NA,9,1.36709241558706,0.62219057154569,91.082
"tallgrass prairie","high","N","nitrogen","19-high",3.9767,3.6167,6.8529,5.658,0.178,9.6591,0.4296,48.0232,2.3928,NA,NA,NA,NA,NA,NA,NA,NA,NA,NA,NA,NA,NA,NA,NA,NA,NA,NA,9,1.39147668268687,0.633288329759087,80.787
"tallgrass prairie","low","N","nitrogen","19-Low",2.111,2.87,6.2513,5.0225,0.2404,11.8633,0.2276,73.2251,1.1408,NA,NA,NA,NA,NA,NA,NA,NA,NA,NA,NA,NA,NA,NA,NA,NA,NA,NA,9,1.06585079148968,0.485089600072586,102.952
"tallgrass prairie","high","X","control","2-high",2.534,4.2,2.5312,2.938,0.2576,32.8254,0.3794,32.3032,3.1563,NA,NA,NA,NA,NA,NA,NA,NA,NA,NA,NA,NA,NA,NA,NA,NA,NA,NA,9,1.39235464925601,0.633687909564536,81.1251
"tallgrass prairie","low","X","control","2-low",4.447,0.9972,3.628,0.6461,0.1584,44.1169,0.3807,30.0557,1.3307,NA,NA,NA,NA,NA,NA,NA,NA,NA,NA,NA,NA,NA,NA,NA,NA,NA,NA,9,1.18559152986501,0.539585958619826,85.7607
"tallgrass prairie","high","X","nitrogen","20-high",6.0521,2.4763,5.8033,6.6191,0.5297,5.0193,0.443,45.4011,7.8052,NA,NA,NA,NA,NA,NA,NA,NA,NA,NA,NA,NA,NA,NA,NA,NA,NA,NA,9,1.48274479033777,0.674826235621012,80.1491
"tallgrass prairie","low","X","nitrogen","20-low",4.5237,2.1057,2.7269,8.3323,0.6203,6.939,0.0779,67.2679,1.865,NA,NA,NA,NA,NA,NA,NA,NA,NA,NA,NA,NA,NA,NA,NA,NA,NA,NA,9,1.09675507798763,0.499154746993258,94.4587
"tallgrass prairie","high","N","nitrogen","21-high",3.9856,2.8463,8.1148,7.2138,0.1258,35.6801,0.331,47.6677,2.2437,NA,NA,NA,NA,NA,NA,NA,NA,NA,NA,NA,NA,NA,NA,NA,NA,NA,NA,9,1.42498565905958,0.648538922128363,108.2088
"tallgrass prairie","low","N","nitrogen","21-low",4.479,1.6117,4.5282,2.1108,0.4338,24.2118,0.4091,70.891,1.5077,NA,NA,NA,NA,NA,NA,NA,NA,NA,NA,NA,NA,NA,NA,NA,NA,NA,NA,9,1.11694789936278,0.508344896049224,110.1831
"tallgrass prairie","high","X","nitrogen","22-high",5.3882,2.4361,3.7901,4.3414,0.4661,14.0115,0.875,43.237,3.7479,NA,NA,NA,NA,NA,NA,NA,NA,NA,NA,NA,NA,NA,NA,NA,NA,NA,NA,9,1.46115538513426,0.665000473873125,78.2933
"tallgrass prairie","low","X","nitrogen","22-low",3.1584,1.5578,5.3052,7.3316,0.3068,30.0804,0.6617,48.4636,2.4957,NA,NA,NA,NA,NA,NA,NA,NA,NA,NA,NA,NA,NA,NA,NA,NA,NA,NA,9,1.3792314673555,0.627715292092533,99.3612
"tallgrass prairie","high","N","nitrogen","23-high",2.8882,1.3159,7.5615,5.9638,0.2572,18.4331,0.6644,56.9393,4.4611,NA,NA,NA,NA,NA,NA,NA,NA,NA,NA,NA,NA,NA,NA,NA,NA,NA,NA,9,1.3479023819824,0.613456810872067,98.4845
"tallgrass prairie","low","N","nitrogen","23-low",5.4507,3.3931,3.7292,0.5452,0.0813,16.8947,0.5641,78.841,4.144,NA,NA,NA,NA,NA,NA,NA,NA,NA,NA,NA,NA,NA,NA,NA,NA,NA,NA,9,1.07755116595246,0.490414669973706,113.6433
"tallgrass prairie","high","X","nitrogen","24-high",6.7064,5.85,6.9666,4.0993,0.1423,19.5188,0.5598,38.7394,5.1427,NA,NA,NA,NA,NA,NA,NA,NA,NA,NA,NA,NA,NA,NA,NA,NA,NA,NA,9,1.62572402270527,0.739898888567959,87.7253
"tallgrass prairie","low","X","nitrogen","24-low",4.0943,3.4282,3.616,1.9474,0.2091,7.9732,0.4138,54.2621,2.4161,NA,NA,NA,NA,NA,NA,NA,NA,NA,NA,NA,NA,NA,NA,NA,NA,NA,NA,9,1.162673855095,0.529155675340459,78.3602
"tallgrass prairie","high","X","autoclaved nitrogen inoculum","25-high",9.1334,2.5847,3.9885,4.2332,0.094,44.5038,0.3675,37.7485,3.7316,NA,NA,NA,NA,NA,NA,NA,NA,NA,NA,NA,NA,NA,NA,NA,NA,NA,NA,9,1.42801563766553,0.649917924819852,106.3852
"tallgrass prairie","high","X","autoclaved nitrogen inoculum","26-high",5.6077,2.6895,3.335,4.3044,0.0321,30.514,0.2187,44.0521,7.4889,NA,NA,NA,NA,NA,NA,NA,NA,NA,NA,NA,NA,NA,NA,NA,NA,NA,NA,9,1.44907041825112,0.659500368418364,98.2424
"tallgrass prairie","high","X","autoclaved control inoculum","29-high",8.0792,1.8389,6.3398,1.1371,0.1697,71.5775,0.6072,39.0466,4.9958,NA,NA,NA,NA,NA,NA,NA,NA,NA,NA,NA,NA,NA,NA,NA,NA,NA,NA,9,1.26321379899208,0.574913375729451,133.7918
"tallgrass prairie","high","N","control","3-high",5.5012,3.5337,5.1356,0.596,0.1922,34.8924,0.4058,40.57,2.9323,NA,NA,NA,NA,NA,NA,NA,NA,NA,NA,NA,NA,NA,NA,NA,NA,NA,NA,9,1.35613394492458,0.617203156615275,93.7592
"tallgrass prairie","low","N","control","3-low",3.6955,2.4039,6.3176,0,0.9528,36.7906,0.274,49.9255,3.6984,NA,NA,NA,NA,NA,NA,NA,NA,NA,NA,NA,NA,NA,NA,NA,NA,NA,NA,8,1.27285122851416,0.612112051722266,104.0583
"tallgrass prairie","high","X","autoclaved control inoculum","31-high",9.3998,4.0839,4.8711,0.3987,0.1923,58.6092,0.6057,31.5667,3.784,NA,NA,NA,NA,NA,NA,NA,NA,NA,NA,NA,NA,NA,NA,NA,NA,NA,NA,9,1.33019806607301,0.605399229461404,113.5114
"tallgrass prairie","high","X","autoclaved control inoculum","33-high",4.6532,3.0489,6.9223,0.8377,0.0868,42.0148,0.6333,46.6318,5.8634,NA,NA,NA,NA,NA,NA,NA,NA,NA,NA,NA,NA,NA,NA,NA,NA,NA,NA,9,1.36512602689011,0.621295629482308,110.6922
"tallgrass prairie","high","X","control","4-high",5.2275,5.0514,2.754,1.7814,0.9742,25.0204,1.7621,28.2936,4.4482,NA,NA,NA,NA,NA,NA,NA,NA,NA,NA,NA,NA,NA,NA,NA,NA,NA,NA,9,1.62103451152428,0.737764600052638,75.3128
"tallgrass prairie","low","X","control","4-low",3.3729,3.2381,4.542,2.595,0.0754,16.3246,0.612,27.4567,5.7995,NA,NA,NA,NA,NA,NA,NA,NA,NA,NA,NA,NA,NA,NA,NA,NA,NA,NA,9,1.60517201953134,0.730545268830624,64.0162
"tallgrass prairie","high","N","control","5-high",4.7769,2.1666,6.7014,4.9173,0.4106,30.9108,0.2487,52.5127,5.2249,NA,NA,NA,NA,NA,NA,NA,NA,NA,NA,NA,NA,NA,NA,NA,NA,NA,NA,9,1.42036052821278,0.646433934365844,107.8699
"tallgrass prairie","low","N","control","5-low",1.4379,1.7826,2.6682,1.526,0.2928,8.7928,0.1033,74.3108,4.5876,NA,NA,NA,NA,NA,NA,NA,NA,NA,NA,NA,NA,NA,NA,NA,NA,NA,NA,9,0.88932261826364,0.404748166135025,95.502
"tallgrass prairie","high","X","control","6-high",4.2224,2.4906,4.017,0.073,0.2314,44.3969,0.9175,29.9406,4.7689,NA,NA,NA,NA,NA,NA,NA,NA,NA,NA,NA,NA,NA,NA,NA,NA,NA,NA,9,1.31617533957101,0.599017211598217,91.0583
"tallgrass prairie","low","X","control","6-low",2.8753,2.2628,8.2478,4.033,0.5336,45.3845,0.7262,32.6212,3.3783,NA,NA,NA,NA,NA,NA,NA,NA,NA,NA,NA,NA,NA,NA,NA,NA,NA,NA,9,1.42489661517749,0.648498396511179,100.0627
"tallgrass prairie","high","N","control","7-high",3.4553,3.0076,3.7705,2.3959,0.1297,43.7303,0.263,41.4092,3.9515,NA,NA,NA,NA,NA,NA,NA,NA,NA,NA,NA,NA,NA,NA,NA,NA,NA,NA,9,1.30711529121204,0.59489380589248,102.113
"tallgrass prairie","low","N","control","7-low",5.8856,2.8526,6.2263,1.1072,0.0237,37.88,0.3369,50.8494,1.9982,NA,NA,NA,NA,NA,NA,NA,NA,NA,NA,NA,NA,NA,NA,NA,NA,NA,NA,9,1.28403967030385,0.584391638227778,107.1599
"tallgrass prairie","high","X","control","8-high",5.8025,2.5085,4.844,0.6293,0.2744,22.7184,0.2566,44.5085,5.2697,NA,NA,NA,NA,NA,NA,NA,NA,NA,NA,NA,NA,NA,NA,NA,NA,NA,NA,9,1.37881627105907,0.627526328114652,86.8119
"tallgrass prairie","low","X","control","8-low",2.0706,2.8301,4.0145,1.5076,0.3904,17.287,0.729,47.8883,3.256,NA,NA,NA,NA,NA,NA,NA,NA,NA,NA,NA,NA,NA,NA,NA,NA,NA,NA,9,1.27520548829404,0.580371028727533,79.9735
"tallgrass prairie","high","N","control","9-high",5.6489,4.7478,4.5955,3.0534,0.2918,6.3581,0.2056,50.8423,3.9346,NA,NA,NA,NA,NA,NA,NA,NA,NA,NA,NA,NA,NA,NA,NA,NA,NA,NA,9,1.31811916309035,0.599901883806687,79.678
"tallgrass prairie","low","N","control","9-low",9.9361,5.4193,11.3602,1.4885,0.2228,42.2031,0.3725,41.1102,8.4064,NA,NA,NA,NA,NA,NA,NA,NA,NA,NA,NA,NA,NA,NA,NA,NA,NA,NA,9,1.57167299899384,0.715299207557219,120.5191
"alpine tundra","high","X","control","10-high",NA,NA,NA,NA,NA,NA,NA,NA,NA,0.3191,1.2296,0.0692,3.8791,3.7022,0.2814,0.4931,0.656,2.679,NA,NA,NA,NA,NA,NA,NA,NA,NA,9,1.72678216664294,0.785892431959042,13.3087
"alpine tundra","low","X","control","10-low",NA,NA,NA,NA,NA,NA,NA,NA,NA,0.3148,1.357,0.0298,5.5911,5.7731,0.3121,0.4518,0.2129,3.2565,NA,NA,NA,NA,NA,NA,NA,NA,NA,9,1.55096220947071,0.705873321038035,17.2991
"alpine tundra","high","N","control","11-high",NA,NA,NA,NA,NA,NA,NA,NA,NA,0.6315,2.121,0.0615,7.763,9.5569,0.3772,0.8003,0.1951,3.5905,NA,NA,NA,NA,NA,NA,NA,NA,NA,9,1.53571457994994,0.698933825786596,25.097
"alpine tundra","low","N","control","11-low",NA,NA,NA,NA,NA,NA,NA,NA,NA,0.3504,2.0399,0.0724,13.9865,5.604,0.2938,0.6234,0.8093,5.0802,NA,NA,NA,NA,NA,NA,NA,NA,NA,9,1.46070791402611,0.664796820995413,28.8599
"alpine tundra","high","X","control","12-high",NA,NA,NA,NA,NA,NA,NA,NA,NA,0.2548,1.256,0.1103,4.9001,3.5311,0.3271,0.6723,0.8839,2.7188,NA,NA,NA,NA,NA,NA,NA,NA,NA,9,1.73520423271274,0.789725479412029,14.6544
"alpine tundra","low","X","control","12-low",NA,NA,NA,NA,NA,NA,NA,NA,NA,0.3014,1.2609,0.0605,3.5913,6.9032,0.2912,0.4062,0.4559,2.4364,NA,NA,NA,NA,NA,NA,NA,NA,NA,9,1.5587233459142,0.709405566455068,15.707
"alpine tundra","high","N","control","13-high",NA,NA,NA,NA,NA,NA,NA,NA,NA,0.2419,1.1363,0.05,10.8252,8.1316,0.2492,0.8423,0.2681,5.3264,NA,NA,NA,NA,NA,NA,NA,NA,NA,9,1.4313784842856,0.651448422273211,27.071
"alpine tundra","low","N","control","13-low",NA,NA,NA,NA,NA,NA,NA,NA,NA,0.1919,1.6938,0.111,11.3932,14.5787,0.2936,0.8029,0.2642,5.3099,NA,NA,NA,NA,NA,NA,NA,NA,NA,9,1.3771039464874,0.626747015617729,34.6392
"alpine tundra","high","X","nitrogen","14-high",NA,NA,NA,NA,NA,NA,NA,NA,NA,0.2068,1.7866,0.0073,5.4335,4.7719,0.2312,0.8293,0.274,3.0435,NA,NA,NA,NA,NA,NA,NA,NA,NA,9,1.61044307033563,0.732944227434426,16.5841
"alpine tundra","low","X","nitrogen","14-low",NA,NA,NA,NA,NA,NA,NA,NA,NA,0.262,1.5617,0.0561,6.5591,6.6969,0.2373,0.8087,0.3928,3.3295,NA,NA,NA,NA,NA,NA,NA,NA,NA,9,1.56508068712368,0.712298917128027,19.9041
"alpine tundra","high","N","nitrogen","15-high",NA,NA,NA,NA,NA,NA,NA,NA,NA,0.2918,2.0809,0.1304,10.9935,5.3712,0.2352,0.6426,0.5126,5.0251,NA,NA,NA,NA,NA,NA,NA,NA,NA,9,1.51243034752781,0.688336714930335,25.2833
"alpine tundra","low","N","nitrogen","15-low",NA,NA,NA,NA,NA,NA,NA,NA,NA,0.2618,1.8925,0.0862,10.5224,6.0139,0.1609,0.9066,0.6846,4.8847,NA,NA,NA,NA,NA,NA,NA,NA,NA,9,1.53129951407971,0.696924442714984,25.4136
"alpine tundra","high","X","nitrogen","16-high",NA,NA,NA,NA,NA,NA,NA,NA,NA,0.3833,2.4156,0.0358,5.6812,5.3901,0.2816,0.7229,0.7309,3.7895,NA,NA,NA,NA,NA,NA,NA,NA,NA,9,1.68947918839455,0.768915114923197,19.4309
"alpine tundra","low","X","nitrogen","16-low",NA,NA,NA,NA,NA,NA,NA,NA,NA,0.2872,1.4801,0.0305,12.9435,5.9714,0.2897,0.5877,0.409,3.0014,NA,NA,NA,NA,NA,NA,NA,NA,NA,9,1.37128265999936,0.624097633962305,25.0005
"alpine tundra","high","N","nitrogen","17-high",NA,NA,NA,NA,NA,NA,NA,NA,NA,0.4624,1.9677,0.0406,4.1569,9.6475,0.3104,0.477,0.7742,6.4094,NA,NA,NA,NA,NA,NA,NA,NA,NA,9,1.55382697618451,0.707177132557055,24.2461
"alpine tundra","low","N","nitrogen","17-low",NA,NA,NA,NA,NA,NA,NA,NA,NA,0.3129,1.3866,0.0651,16.6834,8.8005,0.2979,0.2427,0.6394,4.8991,NA,NA,NA,NA,NA,NA,NA,NA,NA,9,1.32201647127728,0.601675625201685,33.3276
"alpine tundra","high","X","nitrogen","18-high",NA,NA,NA,NA,NA,NA,NA,NA,NA,0.3261,2.157,0.148,7.6356,4.8977,0.3389,0.8255,0.5252,2.1223,NA,NA,NA,NA,NA,NA,NA,NA,NA,9,1.62328816906456,0.738790283800912,18.9763
"alpine tundra","low","X","nitrogen","18-low",NA,NA,NA,NA,NA,NA,NA,NA,NA,0.3145,1.6745,0.0536,12.5889,6.3458,0.2277,0.3489,0.1731,3.2332,NA,NA,NA,NA,NA,NA,NA,NA,NA,9,1.34470841891165,0.612003175634367,24.9602
"alpine tundra","high","N","nitrogen","19-high",NA,NA,NA,NA,NA,NA,NA,NA,NA,0.3411,2.4032,0.0387,4.7565,5.2048,0.3339,1.2167,0.4759,10.768,NA,NA,NA,NA,NA,NA,NA,NA,NA,9,1.56713795760227,0.713235221272725,25.5388
"alpine tundra","low","N","nitrogen","19-low",NA,NA,NA,NA,NA,NA,NA,NA,NA,0.3179,2.8307,0.0247,9.6535,8.3829,0.2314,0.5034,0.7981,4.0106,NA,NA,NA,NA,NA,NA,NA,NA,NA,9,1.53332258346165,0.697845181269798,26.7532
"alpine tundra","high","X","control","2-high",NA,NA,NA,NA,NA,NA,NA,NA,NA,0.2513,0.9353,0.0389,3.3808,3.9932,0.3447,1.0863,0.6811,2.5422,NA,NA,NA,NA,NA,NA,NA,NA,NA,9,1.75853007187149,0.80034152631017,13.2538
"alpine tundra","low","X","control","2-low",NA,NA,NA,NA,NA,NA,NA,NA,NA,0.4449,1.3332,0.0503,4.5922,5.3171,0.2753,0.4646,0.2325,2.7346,NA,NA,NA,NA,NA,NA,NA,NA,NA,9,1.60691907964211,0.731340390152672,15.4447
"alpine tundra","high","X","nitrogen","20-high",NA,NA,NA,NA,NA,NA,NA,NA,NA,0.6926,1.5284,0.1419,6.5434,4.2081,0.67,0.6552,0.3693,4.348,NA,NA,NA,NA,NA,NA,NA,NA,NA,9,1.7033695125689,0.775236873890222,19.1569
"alpine tundra","low","X","nitrogen","20-low",NA,NA,NA,NA,NA,NA,NA,NA,NA,0.2926,1.7474,0.0209,8.1407,5.3383,0.2455,0.3613,0.3923,2.8492,NA,NA,NA,NA,NA,NA,NA,NA,NA,9,1.4972999274138,0.68145056397878,19.3882
"alpine tundra","high","N","nitrogen","21-high",NA,NA,NA,NA,NA,NA,NA,NA,NA,0.3816,2.1416,0.0119,14.3502,5.5817,0.2076,0.5113,0.7004,5.2332,NA,NA,NA,NA,NA,NA,NA,NA,NA,9,1.42164518616693,0.647018607397176,29.1195
"alpine tundra","low","N","nitrogen","21-low",NA,NA,NA,NA,NA,NA,NA,NA,NA,0.1546,2.1938,0.0367,19.5687,4.5281,0.1485,0.5093,0.0853,5.4235,NA,NA,NA,NA,NA,NA,NA,NA,NA,9,1.19836475962164,0.545399306007428,32.6485
"alpine tundra","high","X","nitrogen","22-high",NA,NA,NA,NA,NA,NA,NA,NA,NA,0.216,1.805,0.1435,6.8215,5.0415,0.4739,0.5277,0.8142,3.3681,NA,NA,NA,NA,NA,NA,NA,NA,NA,9,1.65724822228862,0.754246170092349,19.2114
"alpine tundra","low","X","nitrogen","22-low",NA,NA,NA,NA,NA,NA,NA,NA,NA,0.2085,1.8639,0.0812,13.3308,6.4651,0.3075,0.345,0.7189,2.9622,NA,NA,NA,NA,NA,NA,NA,NA,NA,9,1.38657910334262,0.631059345341762,26.2831
"alpine tundra","high","N","nitrogen","23-high",NA,NA,NA,NA,NA,NA,NA,NA,NA,0.2712,1.9956,0.0879,10.1177,8.1811,0.2662,0.7607,1.113,4.1772,NA,NA,NA,NA,NA,NA,NA,NA,NA,9,1.55387367846427,0.707198387680556,26.9706
"alpine tundra","low","N","nitrogen","23-low",NA,NA,NA,NA,NA,NA,NA,NA,NA,0.156,1.2993,0.0601,14.6224,6.0492,0.2705,0.482,0.5079,9.3257,NA,NA,NA,NA,NA,NA,NA,NA,NA,9,1.36080360950748,0.619328412554549,32.7731
"alpine tundra","high","X","nitrogen","24-high",NA,NA,NA,NA,NA,NA,NA,NA,NA,0.2073,1.8562,0.0727,9.9132,5.2716,0.2371,0.3648,0.547,2.95,NA,NA,NA,NA,NA,NA,NA,NA,NA,9,1.46364725726229,0.666134573752458,21.4199
"alpine tundra","low","X","nitrogen","24-low",NA,NA,NA,NA,NA,NA,NA,NA,NA,0.1999,1.5129,0.0308,9.3064,5.6085,0.2225,0.2464,0.3491,4.0225,NA,NA,NA,NA,NA,NA,NA,NA,NA,9,1.43165957343,0.651576351455918,21.499
"alpine tundra","high","N","nitrogen","25-high",NA,NA,NA,NA,NA,NA,NA,NA,NA,0.156,2.071,0.0692,6.574,10.1371,0.1914,0.5869,0.3583,6.2796,NA,NA,NA,NA,NA,NA,NA,NA,NA,9,1.47915093743774,0.673190602678846,26.4235
"alpine tundra","low","N","nitrogen","25-low",NA,NA,NA,NA,NA,NA,NA,NA,NA,0.1832,1.2993,0.0712,13.3958,6.168,0.1378,0.4227,0.1891,7.1654,NA,NA,NA,NA,NA,NA,NA,NA,NA,9,1.33680031902856,0.608404044273531,29.0325
"alpine tundra","high","X","autoclaved control inoculum","27-high",NA,NA,NA,NA,NA,NA,NA,NA,NA,0.5216,0.9801,0.096,8.7038,5.3191,0.3199,0.7348,0.271,1.7786,NA,NA,NA,NA,NA,NA,NA,NA,NA,9,1.47628642359746,0.671886906247526,18.7249
"alpine tundra","high","X","autoclaved nitrogen inoculum","28-high",NA,NA,NA,NA,NA,NA,NA,NA,NA,0.1935,0.844,0.1058,10.2202,5.9422,0.245,0.666,0.2927,1.8087,NA,NA,NA,NA,NA,NA,NA,NA,NA,9,1.35076203013494,0.614758292833461,20.3181
"alpine tundra","high","N","control","3-high",NA,NA,NA,NA,NA,NA,NA,NA,NA,0.1445,1.68632,0.0822,5.69561,7.06085,0.4179,1.27856,0.6988,5.3556,NA,NA,NA,NA,NA,NA,NA,NA,NA,9,1.6473515998409,0.74974202311083,22.42034
"alpine tundra","low","N","control","3-low",NA,NA,NA,NA,NA,NA,NA,NA,NA,0.1977,0.8722,0.0693,9.2022,12.4501,0.1709,0.7582,0.2457,5.3989,NA,NA,NA,NA,NA,NA,NA,NA,NA,9,1.35558658428607,0.616954042053134,29.3652
"alpine tundra","high","X","autoclaved nitrogen inoculum","30-high",NA,NA,NA,NA,NA,NA,NA,NA,NA,0.2488,0.7154,0.1006,7.7487,3.2601,0.2329,0.4821,0.2076,1.5008,NA,NA,NA,NA,NA,NA,NA,NA,NA,9,1.39827102456508,0.636380568007416,14.497
"alpine tundra","high","X","autoclaved control inoculum","31-high",NA,NA,NA,NA,NA,NA,NA,NA,NA,0.2751,0.8555,0.0861,4.5119,3.1294,0.3245,0.4093,0.2003,1.1837,NA,NA,NA,NA,NA,NA,NA,NA,NA,9,1.59253357299728,0.724793263931161,10.9758
"alpine tundra","high","X","autoclaved control inoculum","32-high",NA,NA,NA,NA,NA,NA,NA,NA,NA,0.4898,1.1007,0.1175,5.8275,5.849,0.2122,0.5464,0.3892,1.4177,NA,NA,NA,NA,NA,NA,NA,NA,NA,9,1.5421764016468,0.701874727578569,15.95
"alpine tundra","high","X","control","4-high",NA,NA,NA,NA,NA,NA,NA,NA,NA,0.2702,0.724,0.1206,4.571,3.2753,0.3246,0.5312,0.6568,2.1418,NA,NA,NA,NA,NA,NA,NA,NA,NA,9,1.69120615518786,0.769701091382374,12.6155
"alpine tundra","low","X","control","4-low",NA,NA,NA,NA,NA,NA,NA,NA,NA,0.2096,1.8407,0.0851,7.3236,6.6549,0.2574,0.714,0.4317,3.4398,NA,NA,NA,NA,NA,NA,NA,NA,NA,9,1.55948811130257,0.709753626182901,20.9568
"alpine tundra","high","N","control","5-high",NA,NA,NA,NA,NA,NA,NA,NA,NA,0.3117,1.0668,0.4887,13.4642,6.6052,0.439,0.9321,0.6513,3.4244,NA,NA,NA,NA,NA,NA,NA,NA,NA,9,1.47153342196631,0.669723721983078,27.3834
"alpine tundra","low","N","control","5-low",NA,NA,NA,NA,NA,NA,NA,NA,NA,0.4935,2.1148,0.0415,6.7974,13.8063,0.6326,0.9157,0.3734,2.8737,NA,NA,NA,NA,NA,NA,NA,NA,NA,9,1.45617904184189,0.662735642438186,28.0489
"alpine tundra","high","X","control","6-high",NA,NA,NA,NA,NA,NA,NA,NA,NA,0.1968,0.8916,0.0515,9.3144,3.342,0.2828,0.4475,0.332,2.184,NA,NA,NA,NA,NA,NA,NA,NA,NA,9,1.37666548369338,0.626547462600461,17.0426
"alpine tundra","low","X","control","6-low",NA,NA,NA,NA,NA,NA,NA,NA,NA,0.3517,1.3201,0.0506,8.7396,5.1752,0.3736,0.3762,0.5334,2.3179,NA,NA,NA,NA,NA,NA,NA,NA,NA,9,1.49214355560721,0.679103798036061,19.2383
"alpine tundra","high","N","control","7-high",NA,NA,NA,NA,NA,NA,NA,NA,NA,0.2494,1.3265,0.2122,7.8025,6.4441,0.399,0.9463,0.3969,5.9301,NA,NA,NA,NA,NA,NA,NA,NA,NA,9,1.58370830659764,0.720776712099969,23.707
"alpine tundra","low","N","control","7-low",NA,NA,NA,NA,NA,NA,NA,NA,NA,0.3538,1.1946,0.1258,9.1703,9.3339,0.5096,0.8988,0.4152,8.8049,NA,NA,NA,NA,NA,NA,NA,NA,NA,9,1.50924642930827,0.686887651301438,30.8069
"alpine tundra","high","X","control","8-high",NA,NA,NA,NA,NA,NA,NA,NA,NA,0.2273,1.0299,0.0685,5.1476,4.2554,0.3679,0.5995,0.3218,3.2366,NA,NA,NA,NA,NA,NA,NA,NA,NA,9,1.61903305863805,0.736853699588989,15.2545
"alpine tundra","low","X","control","8-low",NA,NA,NA,NA,NA,NA,NA,NA,NA,0.2479,1.7415,0,7.8604,3.2931,0.3083,0.6542,0.2676,3.0745,NA,NA,NA,NA,NA,NA,NA,NA,NA,8,1.52880650692237,0.735200522005227,17.4475
"alpine tundra","high","N","control","9-high",NA,NA,NA,NA,NA,NA,NA,NA,NA,0.4339,1.9876,0.0794,12.2592,4.2253,0.428,0.8404,0.7012,4.2576,NA,NA,NA,NA,NA,NA,NA,NA,NA,9,1.52082924680801,0.692159218722997,25.2126
"alpine tundra","low","N","control","9-low",NA,NA,NA,NA,NA,NA,NA,NA,NA,0.4629,1.4868,0.0774,9.0503,15.7086,0.3226,0.6823,0.9152,4.9327,NA,NA,NA,NA,NA,NA,NA,NA,NA,9,1.42282981067686,0.647557753246055,33.6388
"desert grassland","high","N","control","1-high",NA,NA,NA,NA,NA,NA,NA,NA,NA,NA,NA,NA,NA,NA,NA,NA,NA,NA,1.2793,1.4341,0.1022,13.9662,10.8368,0.5259,3.2805,0.7208,44.4541,9,1.26745762942356,0.576844826194392,76.5999
"desert grassland","low","N","control","1-low",NA,NA,NA,NA,NA,NA,NA,NA,NA,NA,NA,NA,NA,NA,NA,NA,NA,NA,2.2514,0.0985,0.8983,1.3152,10.9375,0.284,1.3346,6.267,91.98,9,0.800250992398691,0.364209922214172,115.3665
"desert grassland","high","X","control","10-high",NA,NA,NA,NA,NA,NA,NA,NA,NA,NA,NA,NA,NA,NA,NA,NA,NA,NA,1.0834,0.2362,0.2357,1.7575,10.7791,0.757,2.4425,0.1794,53.8554,9,0.869199902152568,0.395589923359738,71.3262
"desert grassland","low","X","control","10-low",NA,NA,NA,NA,NA,NA,NA,NA,NA,NA,NA,NA,NA,NA,NA,NA,NA,NA,1.1212,0,0.9272,2.391,8.9546,0.2532,2.1109,2.2396,68.71,8,0.824531626850659,0.396515896371185,86.7077
"desert grassland","high","N","control","11-high",NA,NA,NA,NA,NA,NA,NA,NA,NA,NA,NA,NA,NA,NA,NA,NA,NA,NA,0.7151,0,0,2.8347,12.5752,0.7755,1.1655,1.0297,65.9461,7,0.788472779952114,0.405194854621061,85.0418
"desert grassland","low","N","control","11-low",NA,NA,NA,NA,NA,NA,NA,NA,NA,NA,NA,NA,NA,NA,NA,NA,NA,NA,0.6515,0.019,0,4.2135,3.571,0.2622,1.2136,4.7241,85.1,8,0.636597649851787,0.306138757494247,99.7549
"desert grassland","high","X","control","12-high",NA,NA,NA,NA,NA,NA,NA,NA,NA,NA,NA,NA,NA,NA,NA,NA,NA,NA,0.341,0.0695,0.2845,3.3976,9.9469,1.0272,1.0787,1.4532,58.32,9,0.853903790789869,0.388628363071147,75.9186
"desert grassland","low","X","control","12-low",NA,NA,NA,NA,NA,NA,NA,NA,NA,NA,NA,NA,NA,NA,NA,NA,NA,NA,0.5274,0,0,2.0363,6.1287,0.6506,0.3558,2.1189,26.82,7,1.03035187223305,0.529496119198132,38.6377
"desert grassland","high","N","nitrogen","13-high",NA,NA,NA,NA,NA,NA,NA,NA,NA,NA,NA,NA,NA,NA,NA,NA,NA,NA,0.7478,0.0979,0.8406,7.3413,6.3957,0.5009,1.5004,1.1966,90.5962,9,0.71363295582176,0.324788354901311,109.2174
"desert grassland","low","N","nitrogen","13-low",NA,NA,NA,NA,NA,NA,NA,NA,NA,NA,NA,NA,NA,NA,NA,NA,NA,NA,1.546,0.6345,0.3855,7.7278,8.9197,0.1846,1.6253,2.7314,80.4,9,0.889200063017471,0.404692388838779,104.1548
"desert grassland","high","X","nitrogen","14-high",NA,NA,NA,NA,NA,NA,NA,NA,NA,NA,NA,NA,NA,NA,NA,NA,NA,NA,0.2765,0.0027,0.1586,0.4413,5.8746,0.3378,1.5577,2.0476,69.8285,9,0.567867691378675,0.258447724113446,80.5253
"desert grassland","low","X","nitrogen","14-low",NA,NA,NA,NA,NA,NA,NA,NA,NA,NA,NA,NA,NA,NA,NA,NA,NA,NA,1.1976,0,0.1005,3.64,4.955,0.1806,0.2202,1.9025,91.14,8,0.530443845194537,0.255089568310744,103.3364
"desert grassland","high","N","nitrogen","15-high",NA,NA,NA,NA,NA,NA,NA,NA,NA,NA,NA,NA,NA,NA,NA,NA,NA,NA,0.385,0.1518,0.3877,4.7573,10.4262,0.2983,0.7618,0.491,81.2726,9,0.679150481584337,0.309094704560285,98.9317
"desert grassland","low","N","nitrogen","15-low",NA,NA,NA,NA,NA,NA,NA,NA,NA,NA,NA,NA,NA,NA,NA,NA,NA,NA,0.1687,0,0.3558,3.2626,9.1516,0.1271,0.8794,2.6045,78.04,8,0.684363524275722,0.329109287545959,94.5897
"desert grassland","high","X","nitrogen","16-high",NA,NA,NA,NA,NA,NA,NA,NA,NA,NA,NA,NA,NA,NA,NA,NA,NA,NA,0.2582,0.0437,0.0115,4.3422,8.9082,0.3695,0.8235,1.2546,68.5247,9,0.713985593819672,0.324948847370561,84.5361
"desert grassland","low","X","nitrogen","16-low",NA,NA,NA,NA,NA,NA,NA,NA,NA,NA,NA,NA,NA,NA,NA,NA,NA,NA,0.7324,0.136,0.1337,3.2073,16.2047,0.2182,0,3.0204,19.74,8,1.23556994689176,0.594183545017392,43.3927
"desert grassland","high","N","nitrogen","17-high",NA,NA,NA,NA,NA,NA,NA,NA,NA,NA,NA,NA,NA,NA,NA,NA,NA,NA,1.3467,0,0.0121,8.1724,10.2346,0.5818,0.9711,1.941,84.5864,8,0.808167926285109,0.388646619819015,107.8461
"desert grassland","low","N","nitrogen","17-low",NA,NA,NA,NA,NA,NA,NA,NA,NA,NA,NA,NA,NA,NA,NA,NA,NA,NA,0.9974,0,0.5441,5.3197,10.4938,0.1983,0.3009,2.9706,90.9314,8,0.726486380147568,0.34936609930409,111.7562
"desert grassland","high","X","nitrogen","18-high",NA,NA,NA,NA,NA,NA,NA,NA,NA,NA,NA,NA,NA,NA,NA,NA,NA,NA,0.7973,0.1268,0.141,4.2803,2.9081,0.4397,0.9681,1.4006,81.53,9,0.559174920544356,0.254491473612709,92.5919
"desert grassland","low","X","nitrogen","18-low",NA,NA,NA,NA,NA,NA,NA,NA,NA,NA,NA,NA,NA,NA,NA,NA,NA,NA,0.8111,0,0.1622,1.5056,6.7685,0.1115,0.5728,2.6584,80.9741,8,0.574091152940518,0.276079486455171,93.5642
"desert grassland","high","N","nitrogen","19-high",NA,NA,NA,NA,NA,NA,NA,NA,NA,NA,NA,NA,NA,NA,NA,NA,NA,NA,0.5147,0.1894,0.2669,7.6607,10.1444,0.2146,1.5267,1.1668,83.39,9,0.776779050358495,0.353527381029123,105.0742
"desert grassland","low","N","nitrogen","19-low",NA,NA,NA,NA,NA,NA,NA,NA,NA,NA,NA,NA,NA,NA,NA,NA,NA,NA,0.1576,0.0088,0.2091,8.0709,15.8809,0.1601,1.2556,2.286,61.13,9,0.975161185243682,0.44381498154636,89.159
"desert grassland","high","X","control","2-high",NA,NA,NA,NA,NA,NA,NA,NA,NA,NA,NA,NA,NA,NA,NA,NA,NA,NA,1.0306,0.6033,0.2727,3.7059,11.5267,0.2557,0.7357,0.956,55.9279,9,0.893741898657863,0.406759467319167,75.0145
"desert grassland","low","X","control","2-low",NA,NA,NA,NA,NA,NA,NA,NA,NA,NA,NA,NA,NA,NA,NA,NA,NA,NA,0.6997,0.0084,0.5328,2.235,5.6877,0.2819,0.7086,1.6835,69.61,9,0.634549001607924,0.288795696240214,81.4476
"desert grassland","high","X","nitrogen","20-high",NA,NA,NA,NA,NA,NA,NA,NA,NA,NA,NA,NA,NA,NA,NA,NA,NA,NA,1.3583,0,0.218,5.402,4.1233,0.8488,1.9416,1.037,68.78,8,0.757178343514332,0.364125813752216,83.709
"desert grassland","low","X","nitrogen","20-low",NA,NA,NA,NA,NA,NA,NA,NA,NA,NA,NA,NA,NA,NA,NA,NA,NA,NA,0.3187,0,0.642,3.263,8.7913,0.0704,0.7159,0.8077,63.46,8,0.705610037815329,0.339326700785883,78.069
"desert grassland","high","N","nitrogen","21-high",NA,NA,NA,NA,NA,NA,NA,NA,NA,NA,NA,NA,NA,NA,NA,NA,NA,NA,1.3704,0,0.3419,12.2068,6.1457,1.3088,3.4019,4.9273,73.53,8,1.05140172953431,0.505617353727078,103.2328
"desert grassland","low","N","nitrogen","21-low",NA,NA,NA,NA,NA,NA,NA,NA,NA,NA,NA,NA,NA,NA,NA,NA,NA,NA,0.4152,0,0.396,5.5327,7.3653,0.2398,2.4146,0.9137,113.46,8,0.574693893369714,0.276369343331219,130.7373
"desert grassland","high","X","nitrogen","22-high",NA,NA,NA,NA,NA,NA,NA,NA,NA,NA,NA,NA,NA,NA,NA,NA,NA,NA,1.0911,0.1834,0.5598,4.0946,4.2299,0.2579,0.7308,1.5251,77.79,9,0.63488147867628,0.288947013075,90.4626
"desert grassland","low","X","nitrogen","22-low",NA,NA,NA,NA,NA,NA,NA,NA,NA,NA,NA,NA,NA,NA,NA,NA,NA,NA,0.2151,0.0524,0.0932,2.0068,5.5342,0.0239,0.8171,0.6262,82.8,9,0.451824531989869,0.205634206284746,92.1689
"desert grassland","high","N","nitrogen","23-high",NA,NA,NA,NA,NA,NA,NA,NA,NA,NA,NA,NA,NA,NA,NA,NA,NA,NA,1.1754,0.077,0.1993,5.6583,11.5547,0.9403,0.9736,2.755,79.957,9,0.854125898733678,0.388729448752648,103.2906
"desert grassland","low","N","nitrogen","23-low",NA,NA,NA,NA,NA,NA,NA,NA,NA,NA,NA,NA,NA,NA,NA,NA,NA,NA,0.2624,0,0.5003,2.3563,7.1672,0.2337,1.0729,1.0426,98.9775,8,0.503980684968047,0.242363478302408,111.6129
"desert grassland","high","X","nitrogen","24-high",NA,NA,NA,NA,NA,NA,NA,NA,NA,NA,NA,NA,NA,NA,NA,NA,NA,NA,1.8788,0.0521,0.1925,5.3514,7.9568,0.7254,2.673,2.5734,48.72,9,1.10793152843844,0.504241368800645,70.1234
"desert grassland","low","X","nitrogen","24-low",NA,NA,NA,NA,NA,NA,NA,NA,NA,NA,NA,NA,NA,NA,NA,NA,NA,NA,0.2703,0,0.3436,3.2947,4.3805,0.176,2.279,1.3349,75.81,8,0.610305071863466,0.293494700202268,87.889
"desert grassland","high","X","autoclaved control inoculum","29-high",NA,NA,NA,NA,NA,NA,NA,NA,NA,NA,NA,NA,NA,NA,NA,NA,NA,NA,0.2294,0,0.5636,4.4617,8.8601,0.3636,0.3212,2.5349,51.91,8,0.887415762979026,0.426756773485512,69.2445
"desert grassland","high","N","control","3-high",NA,NA,NA,NA,NA,NA,NA,NA,NA,NA,NA,NA,NA,NA,NA,NA,NA,NA,1.8206,0.5237,0.7075,6.5072,12.3383,0.2798,2.3449,1.6457,57.4324,9,1.09117690090976,0.496616009198585,83.6001
"desert grassland","low","N","control","3-low",NA,NA,NA,NA,NA,NA,NA,NA,NA,NA,NA,NA,NA,NA,NA,NA,NA,NA,0.4871,0,0.4667,5.5089,15.3223,0.3357,0.2898,3.8534,72.86,8,0.88940204334271,0.427711972429013,99.1239
"desert grassland","high","X","autoclaved control inoculum","30-high",NA,NA,NA,NA,NA,NA,NA,NA,NA,NA,NA,NA,NA,NA,NA,NA,NA,NA,0.4966,0.0894,0.3559,3.9657,15.1037,0.3001,1.6695,1.6053,37.44,9,1.12197116287596,0.510631081796914,61.0262
"desert grassland","high","X","autoclaved control inoculum","31-high",NA,NA,NA,NA,NA,NA,NA,NA,NA,NA,NA,NA,NA,NA,NA,NA,NA,NA,0.839,0.0672,1.0875,3.2862,6.4663,0.4254,1.642,2.3099,63.36,9,0.840264698774137,0.382420944787001,79.4835
"desert grassland","high","X","autoclaved nitrogen inoculum","32-high",NA,NA,NA,NA,NA,NA,NA,NA,NA,NA,NA,NA,NA,NA,NA,NA,NA,NA,0.366,0.0339,0.1547,4.4073,10.5443,0.1585,1.4171,2.4779,46.8094,9,0.984591568043722,0.448106933719711,66.3691
"desert grassland","high","X","autoclaved nitrogen inoculum","33-high",NA,NA,NA,NA,NA,NA,NA,NA,NA,NA,NA,NA,NA,NA,NA,NA,NA,NA,0.4033,0.3979,0.136,2.8756,6.8751,0.3323,1.1447,2.7597,52.4064,9,0.862631131507502,0.392600347003811,67.331
"desert grassland","high","X","autoclaved nitrogen inoculum","34-high",NA,NA,NA,NA,NA,NA,NA,NA,NA,NA,NA,NA,NA,NA,NA,NA,NA,NA,0.8263,0,0.3736,7.3634,1.6027,0.5554,1.1673,1.4541,52.1718,8,0.799124640126331,0.384297718454145,65.5146
"desert grassland","high","X","control","4-high",NA,NA,NA,NA,NA,NA,NA,NA,NA,NA,NA,NA,NA,NA,NA,NA,NA,NA,0.9246,0.1352,0.4685,2.6723,13.4257,0.599,1.9592,0.2284,55.3757,9,0.900565108033302,0.409864843731674,75.7886
"desert grassland","low","X","control","4-low",NA,NA,NA,NA,NA,NA,NA,NA,NA,NA,NA,NA,NA,NA,NA,NA,NA,NA,0.5517,0.3341,0.9569,2.9161,9.9741,0.3719,1.8461,2.5521,51.7369,9,1.00043297282813,0.455316667739532,71.2399
"desert grassland","high","N","control","5-high",NA,NA,NA,NA,NA,NA,NA,NA,NA,NA,NA,NA,NA,NA,NA,NA,NA,NA,1.9856,0.3906,0.1796,7.1774,14.9973,0.8077,2.1964,1.3483,53.2683,9,1.14253273423662,0.519989056203695,82.3512
"desert grassland","low","N","control","5-low",NA,NA,NA,NA,NA,NA,NA,NA,NA,NA,NA,NA,NA,NA,NA,NA,NA,NA,2.4526,0.4379,1.0232,6.6713,12.5118,0.4817,2.8086,6.2092,56.42,9,1.25845624664454,0.572748120344721,89.0163
"desert grassland","high","X","control","6-high",NA,NA,NA,NA,NA,NA,NA,NA,NA,NA,NA,NA,NA,NA,NA,NA,NA,NA,0.6606,0.4258,0.1504,2.2784,10.3898,0.5754,1.4,0.5953,55.6834,9,0.82888059868713,0.377239817557482,72.1591
"desert grassland","low","X","control","6-low",NA,NA,NA,NA,NA,NA,NA,NA,NA,NA,NA,NA,NA,NA,NA,NA,NA,NA,1.0579,0.1069,0.495,2,9.5916,0.5683,2.0223,2.7452,65.96,9,0.856716052693604,0.389908278621311,84.5472
"desert grassland","high","N","control","7-high",NA,NA,NA,NA,NA,NA,NA,NA,NA,NA,NA,NA,NA,NA,NA,NA,NA,NA,1.0799,1.8204,0.6003,11.4932,28.0268,0.3223,2.074,1.0074,14.0436,9,1.44599957184249,0.658102765988323,60.4679
"desert grassland","low","N","control","7-low",NA,NA,NA,NA,NA,NA,NA,NA,NA,NA,NA,NA,NA,NA,NA,NA,NA,NA,0.896,0,0.6544,3.6561,3.212,0.4423,1.8339,2.3548,115.77,8,0.503687731950716,0.242222597680636,128.8195
"desert grassland","high","X","control","8-high",NA,NA,NA,NA,NA,NA,NA,NA,NA,NA,NA,NA,NA,NA,NA,NA,NA,NA,0.3886,0.366,0.1711,1.2952,8.4622,0.793,1.0029,1.1512,79.9537,9,0.610151086066767,0.27769172635347,93.5839
"desert grassland","low","X","control","8-low",NA,NA,NA,NA,NA,NA,NA,NA,NA,NA,NA,NA,NA,NA,NA,NA,NA,NA,0.9578,0.1341,0.6085,7.9738,10.346,0.2491,1.0615,3.4115,37.24,9,1.24326319765281,0.565833465762552,61.9823
"desert grassland","high","N","control","9-high",NA,NA,NA,NA,NA,NA,NA,NA,NA,NA,NA,NA,NA,NA,NA,NA,NA,NA,0.7573,0.1663,0.2116,3.3887,7.5125,0.5482,1.5899,0.1972,83.7886,9,0.617828253541763,0.281185755846032,98.1603
"desert grassland","low","N","control","9-low",NA,NA,NA,NA,NA,NA,NA,NA,NA,NA,NA,NA,NA,NA,NA,NA,NA,NA,0.3543,0.1744,0.2381,3.9182,12.4379,0.1059,0.742,3.9756,71.83,9,0.832723184897186,0.378988653907526,93.7764
